member_id,name,age,club,gender,weight_class,entry_total,session_number,session_platform,meet
15,Raghad (Ray Ray) Alshwikhat,15,Standard Strength,Male,625kg,95,,,"2025 Virus Weightlifting Series 2, Powered by Rogue Fitness"
15,Addison Williams,15,Lion Chaser Barbell,Male,463kg,90,,,"2025 Virus Weightlifting Series 2, Powered by Rogue Fitness"
58,Grace Killough,17,Bull Strength Barbell TXOK,Male,58kg,70,,,"2025 Virus Weightlifting Series 2, Powered by Rogue Fitness"
28,Colleen Harrington,48,"Mach 1 Barbell W45, Open",Female,45kg,85,,,"2025 Virus Weightlifting Series 2, Powered by Rogue Fitness"
48,Gloria Chun,48,"Marin Heavy Athletics W45, Open",Male,606kg,73,,,"2025 Virus Weightlifting Series 2, Powered by Rogue Fitness"
59,Karen Buchanan,59,"VAUGHN WEIGHTLIFTING TXOK W55, TXOK, W55, Open",Male,669kg,74,,,"2025 Virus Weightlifting Series 2, Powered by Rogue Fitness"
58,Jocelyn Ludlow,66,"OKC BARBELL CLUB TXOK W65, TXOK, W65, Open",Female,65kg,54,,,"2025 Virus Weightlifting Series 2, Powered by Rogue Fitness"
28,Estefania Flores,28,Alpha,Male,335kg,101,,,"2025 Virus Weightlifting Series 2, Powered by Rogue Fitness"
28,Eileen Hess,28,Unaffiliated,Male,427kg,101,,,"2025 Virus Weightlifting Series 2, Powered by Rogue Fitness"
71,Ezekiel Macias,61,"Houston Weightlifting Academy Open, TXOK, TXOK",Male,71kg,168,,,"2025 Virus Weightlifting Series 2, Powered by Rogue Fitness"
71,Kayden Ramos,16,"Bull Strength Barbell TXOK, TXOK",Male,71kg,145,,,"2025 Virus Weightlifting Series 2, Powered by Rogue Fitness"
71,Christopher Nathaniel,89,"Austin Barbell Open, TXOK, TXOK",Male,71kg,145,,,"2025 Virus Weightlifting Series 2, Powered by Rogue Fitness"
37,John Deleon,37,"Stomp Weightlifting M35, Open, TXOK M35, TXOK",Male,435kg,160,,,"2025 Virus Weightlifting Series 2, Powered by Rogue Fitness"
71,Frederick Jurado,36,"LAS VEGAS BARBELL M35, Open",Male,35kg,150,,,"2025 Virus Weightlifting Series 2, Powered by Rogue Fitness"
38,Oscar Hatakeda,38,"Jacksonville Weightlifting M35, Open",Male,631kg,140,,,"2025 Virus Weightlifting Series 2, Powered by Rogue Fitness"
71,Eric Kurschinski,46,Unaffiliated,Male,45kg,184,,,"2025 Virus Weightlifting Series 2, Powered by Rogue Fitness"
71,Laurence Nathan,57,"TXOK M55, TXOK",Male,55kg,160,,,"2025 Virus Weightlifting Series 2, Powered by Rogue Fitness"
71,Tim Barlow,66,"ECLIPSE BARBELL CLUB M65, Open, TXOK M65, TXOK",Male,65kg,104,,,"2025 Virus Weightlifting Series 2, Powered by Rogue Fitness"
71,Nicholas Weingarten,74,"MILLER WEIGHTLIFTING M70, Open",Male,70kg,109,,,"2025 Virus Weightlifting Series 2, Powered by Rogue Fitness"
30,Aadam Husain,1,"Hunger in the Wild Open, TXOK",Male,1kg,182,,,"2025 Virus Weightlifting Series 2, Powered by Rogue Fitness"
25,Daniel Huang,25,MURDER OF CROWS Open,Male,466kg,170,,,"2025 Virus Weightlifting Series 2, Powered by Rogue Fitness"
14,Paisley Sanders,3,Waco Barbell TXOK,Male,3kg,73,,,"2025 Virus Weightlifting Series 2, Powered by Rogue Fitness"
15,Jaycee Hickok,15,Pure Health Barbell TXOK,Male,529kg,70,,,"2025 Virus Weightlifting Series 2, Powered by Rogue Fitness"
16,Corinne Blackwell,16,BlueWave Weightlifting TXOK,Male,202kg,89,,,"2025 Virus Weightlifting Series 2, Powered by Rogue Fitness"
17,Amariah Hernandez,17,Bull Strength Barbell TXOK,Male,390kg,80,,,"2025 Virus Weightlifting Series 2, Powered by Rogue Fitness"
53,Panatda Wongtep,43,"Standard Strength W40, Open",Female,40kg,100,,,"2025 Virus Weightlifting Series 2, Powered by Rogue Fitness"
53,Brenda Trevino,50,"Houston Weightlifting Academy TXOK W50, TXOK, W50, Open",Female,50kg,95,,,"2025 Virus Weightlifting Series 2, Powered by Rogue Fitness"
53,Ximena Machado,29,Bull Strength Barbell TXOK,Male,53kg,70,,,"2025 Virus Weightlifting Series 2, Powered by Rogue Fitness"
53,Athena Pham,28,Unaffiliated,Male,53kg,100,,,"2025 Virus Weightlifting Series 2, Powered by Rogue Fitness"
58,Gia Duva,32,No Te Rajes Barbell TXOK,Male,58kg,117,,,"2025 Virus Weightlifting Series 2, Powered by Rogue Fitness"
20,Casey Bates,20,"ALLSOUTH Barbell JR, Open",Male,566kg,110,,,"2025 Virus Weightlifting Series 2, Powered by Rogue Fitness"
18,Kira Lee Hubbell,18,"Waco Barbell JR, TXOK JR, TXOK, Open",Male,468kg,103,,,"2025 Virus Weightlifting Series 2, Powered by Rogue Fitness"
28,Clara Blood,37,"Austin Barbell MIL, MILMW, TXOK W35, TXOK, W35, Open",Female,35kg,110,,,"2025 Virus Weightlifting Series 2, Powered by Rogue Fitness"
35,Nicole Meyer,66,Unaffiliated,Male,66kg,105,,,"2025 Virus Weightlifting Series 2, Powered by Rogue Fitness"
31,Cyrielle Kolbecher,31,MILWAUKEE BARBELL WEIGHTLIFTING CLUB Open,Male,657kg,115,,,"2025 Virus Weightlifting Series 2, Powered by Rogue Fitness"
34,Jenna Decastro,34,MILLER WEIGHTLIFTING Open,Male,402kg,112,,,"2025 Virus Weightlifting Series 2, Powered by Rogue Fitness"
25,Madison Schmitz,25,Unaffiliated,Male,206kg,110,,,"2025 Virus Weightlifting Series 2, Powered by Rogue Fitness"
34,Alexis Wells,34,Unaffiliated,Male,504kg,108,,,"2025 Virus Weightlifting Series 2, Powered by Rogue Fitness"
79,Adam Ostrinsky,17,"BlueWave Weightlifting TXOK, TXOK",Male,79kg,120,,,"2025 Virus Weightlifting Series 2, Powered by Rogue Fitness"
79,Erik Hayrapetyan,5,"Houston Weightlifting Academy Open, TXOK, TXOK",Male,79kg,175,,,"2025 Virus Weightlifting Series 2, Powered by Rogue Fitness"
79,Thomas Rice,38,"Grizzly weightlifting M35, Open",Male,35kg,160,,,"2025 Virus Weightlifting Series 2, Powered by Rogue Fitness"
79,Siu Fung Wong,41,"DEUCE Weightlifting M40, Open",Male,40kg,170,,,"2025 Virus Weightlifting Series 2, Powered by Rogue Fitness"
50,Robert Rosenqvist,50,"Wear The Crown Barbell M50, Open, TXOK M50, TXOK",Male,124kg,150,,,"2025 Virus Weightlifting Series 2, Powered by Rogue Fitness"
79,Brian Bufkin,59,"Black Label Barbell Club M55, Open, TXOK M55, TXOK",Male,55kg,131,,,"2025 Virus Weightlifting Series 2, Powered by Rogue Fitness"
79,Michael Keating,61,"Barbell Control M60, Open",Male,60kg,140,,,"2025 Virus Weightlifting Series 2, Powered by Rogue Fitness"
79,Willie Sklaroff,54,"Exclusive Club Weightlifting M70, MIL, MILMM, Open",Male,70kg,78,,,"2025 Virus Weightlifting Series 2, Powered by Rogue Fitness"
79,Joel Grangeno,21,TEXAS BARBELL CLUB TXOK,Male,79kg,155,,,"2025 Virus Weightlifting Series 2, Powered by Rogue Fitness"
53,Emersyn Formanek,14,Lion Chaser Barbell,Male,53kg,105,,,"2025 Virus Weightlifting Series 2, Powered by Rogue Fitness"
28,Zoe Macias,16,Houston Weightlifting Academy TXOK,Male,28kg,100,,,"2025 Virus Weightlifting Series 2, Powered by Rogue Fitness"
53,Cheryl Madamba,45,Unaffiliated,Female,45kg,101,,,"2025 Virus Weightlifting Series 2, Powered by Rogue Fitness"
33,Tori Shi-Bailey,33,Protopig Strength Open,Male,311kg,110,,,"2025 Virus Weightlifting Series 2, Powered by Rogue Fitness"
27,Alexandra Ivanova,27,MILLER WEIGHTLIFTING Open,Male,189kg,100,,,"2025 Virus Weightlifting Series 2, Powered by Rogue Fitness"
364,Serene Hoang,15,Bull Strength Barbell TXOK,Male,44kg,45,,,"2025 Virus Weightlifting Series 2, Powered by Rogue Fitness"
263,Elhiana Inez Perez,14,BlueWave Weightlifting TXOK,Male,48kg,74,,,"2025 Virus Weightlifting Series 2, Powered by Rogue Fitness"
28,Yraima Chairez,18,"Bull Strength Barbell TXOK JR, TXOK",Male,28kg,85,,,"2025 Virus Weightlifting Series 2, Powered by Rogue Fitness"
48,Candice Newton,40,"Cully Strength W40, Open",Female,40kg,70,,,"2025 Virus Weightlifting Series 2, Powered by Rogue Fitness"
22,D. Irizarry,22,Kuma Weightlifting Open,Male,377kg,174,,,"2025 Virus Weightlifting Series 2, Powered by Rogue Fitness"
33,Lucy Nguyen,33,BLACK & RED BARBELL CLUB Open,Male,113kg,140,,,"2025 Virus Weightlifting Series 2, Powered by Rogue Fitness"
30,Daphne Gerrald,37,Built By Becker Weightlifting Club Open,Male,37kg,110,,,"2025 Virus Weightlifting Series 2, Powered by Rogue Fitness"
71,Matias Navarrete,15,"TEAM OMNIA Open,",Male,71kg,185,,,"2025 Virus Weightlifting Series 2, Powered by Rogue Fitness"
16,Dominic Fruchtenicht,16,Unaffiliated,Male,599kg,200,,,"2025 Virus Weightlifting Series 2, Powered by Rogue Fitness"
17,Julian Pina,17,"Iron Brotherhood Open,",Male,408kg,185,,,"2025 Virus Weightlifting Series 2, Powered by Rogue Fitness"
20,Collin Chen,20,"Houston Weightlifting Academy JR, Open, TXOK JR, TXOK",Male,413kg,195,,,"2025 Virus Weightlifting Series 2, Powered by Rogue Fitness"
18,Jacob Aubin,18,"Iron Brotherhood JR, Open",Male,36kg,185,,,"2025 Virus Weightlifting Series 2, Powered by Rogue Fitness"
71,Tony Lau,47,"FOUNDATION BARBELL M45, Open",Male,45kg,185,,,"2025 Virus Weightlifting Series 2, Powered by Rogue Fitness"
32,Joshua Williams,32,Tri State Barbell Open,Male,324kg,197,,,"2025 Virus Weightlifting Series 2, Powered by Rogue Fitness"
34,Daniel Lema,34,Queens Barbell Open,Male,611kg,195,,,"2025 Virus Weightlifting Series 2, Powered by Rogue Fitness"
71,Bernard Yuan,33,Mach10 Weightlifting Club Open,Male,10kg,191,,,"2025 Virus Weightlifting Series 2, Powered by Rogue Fitness"
30,Daud Jamshaid,30,"BlueWave Weightlifting Open, TXOK",Male,108kg,185,,,"2025 Virus Weightlifting Series 2, Powered by Rogue Fitness"
25,Chenhao Yuan,25,Mach10 Weightlifting Club Open,Male,188kg,185,,,"2025 Virus Weightlifting Series 2, Powered by Rogue Fitness"
23,Chris Gu,23,Standard Strength Open,Male,531kg,185,,,"2025 Virus Weightlifting Series 2, Powered by Rogue Fitness"
56,Atreyu Letson,15,"VAUGHN WEIGHTLIFTING TXOK, TXOK",Male,56kg,80,,,"2025 Virus Weightlifting Series 2, Powered by Rogue Fitness"
28,Elek Ancsin-Fisher,15,"OKC BARBELL CLUB Open, TXOK, TXOK",Male,28kg,95,,,"2025 Virus Weightlifting Series 2, Powered by Rogue Fitness"
512,Cody Anderson,15,"Waco Barbell Open, TXOK, TXOK",Male,60kg,170,,,"2025 Virus Weightlifting Series 2, Powered by Rogue Fitness"
383,Jason Goico,17,"Iron Brotherhood Open,",Male,60kg,160,,,"2025 Virus Weightlifting Series 2, Powered by Rogue Fitness"
60,Johnson Trang,36,"Strong Weightlifting M35, Open, TXOK M35, TXOK",Male,35kg,135,,,"2025 Virus Weightlifting Series 2, Powered by Rogue Fitness"
58,Ava Luis,14,TEAM OMNIA,Male,58kg,125,,,"2025 Virus Weightlifting Series 2, Powered by Rogue Fitness"
58,Maya Litt,75,Sanctuary Barbell,Male,58kg,128,,,"2025 Virus Weightlifting Series 2, Powered by Rogue Fitness"
58,Natalie Hata,19,"TEXAS BARBELL CLUB JR, TXOK JR, TXOK, Open",Male,58kg,128,,,"2025 Virus Weightlifting Series 2, Powered by Rogue Fitness"
28,Stephanie Langdon,37,"Wolf Pack Weightlifting W35, Open",Female,35kg,120,,,"2025 Virus Weightlifting Series 2, Powered by Rogue Fitness"
36,Marissa Reeves,36,"Lighthouse Lifting W35, Open",Male,673kg,120,,,"2025 Virus Weightlifting Series 2, Powered by Rogue Fitness"
58,Rosanna Sansone,55,"Marin Heavy Athletics W55, Open",Female,55kg,130,,,"2025 Virus Weightlifting Series 2, Powered by Rogue Fitness"
25,Cara Le,25,Standard Strength Open,Male,693kg,128,,,"2025 Virus Weightlifting Series 2, Powered by Rogue Fitness"
28,Eleanor Rackoff,28,"Austin Barbell TXOK, Open",Male,334kg,121,,,"2025 Virus Weightlifting Series 2, Powered by Rogue Fitness"
31,Emily Gafken,31,Unaffiliated,Male,641kg,120,,,"2025 Virus Weightlifting Series 2, Powered by Rogue Fitness"
37,Rachelyn Teague,62,"BlueWave Weightlifting TXOK W35, TXOK, W35, Open",Male,62kg,160,,,"2025 Virus Weightlifting Series 2, Powered by Rogue Fitness"
28,Nile Franklin,40,Unaffiliated,Female,40kg,146,,,"2025 Virus Weightlifting Series 2, Powered by Rogue Fitness"
53,Elaine Tsay,40,"Stonehenge Weightlifting TXOK W40, TXOK, W40, Open",Female,40kg,135,,,"2025 Virus Weightlifting Series 2, Powered by Rogue Fitness"
21,Isabella Rodriguez,21,Unaffiliated,Male,363kg,180,,,"2025 Virus Weightlifting Series 2, Powered by Rogue Fitness"
21,Autumn Leviston,21,Unaffiliated,Male,440kg,146,,,"2025 Virus Weightlifting Series 2, Powered by Rogue Fitness"
16,Diego Lopez,16,Unaffiliated,Male,437kg,177,,,"2025 Virus Weightlifting Series 2, Powered by Rogue Fitness"
16,Lucas Nesser,16,"TEAM FLORIDA GULFCOAST WL Open,",Male,431kg,143,,,"2025 Virus Weightlifting Series 2, Powered by Rogue Fitness"
65,Bryson Brown,18,"3P Weightlifting JR, Open",Male,65kg,258,,,"2025 Virus Weightlifting Series 2, Powered by Rogue Fitness"
28,Nico Paulo Tolentino,35,Unaffiliated,Male,35kg,188,,,"2025 Virus Weightlifting Series 2, Powered by Rogue Fitness"
65,John Destacamento,58,Unaffiliated,Male,55kg,125,,,"2025 Virus Weightlifting Series 2, Powered by Rogue Fitness"
30,Elijah Alvarado,30,"Bexar Barbell Open, TXOK",Male,595kg,210,,,"2025 Virus Weightlifting Series 2, Powered by Rogue Fitness"
30,Asraful Hassan,30,Mach10 Weightlifting Club Open,Male,282kg,185,,,"2025 Virus Weightlifting Series 2, Powered by Rogue Fitness"
27,Jadier Rivera,33,Bexar Barbell Open,Male,33kg,180,,,"2025 Virus Weightlifting Series 2, Powered by Rogue Fitness"
65,Oliver James,31,Bobcat Barbell TXOK,Male,65kg,135,,,"2025 Virus Weightlifting Series 2, Powered by Rogue Fitness"
26,Olarinoye Adenike,26,LSU - Shreveport Open,Male,228kg,200,,,"2025 Virus Weightlifting Series 2, Powered by Rogue Fitness"
30,Alice Mcbroom,30,1Kilo Open,Male,615kg,166,,,"2025 Virus Weightlifting Series 2, Powered by Rogue Fitness"
26,Hanna Digenis,26,POWER AND GRACE PERFORMANCE. Open,Male,371kg,159,,,"2025 Virus Weightlifting Series 2, Powered by Rogue Fitness"
28,Cynthia Brown,29,Southern California Weightlifting Club Open,Male,28kg,158,,,"2025 Virus Weightlifting Series 2, Powered by Rogue Fitness"
30,Emi Smith,30,ALPHA BARBELL Open,Male,474kg,155,,,"2025 Virus Weightlifting Series 2, Powered by Rogue Fitness"
29,Maria Castillo,29,"Archon Weightlifting TXOK, Open",Male,378kg,145,,,"2025 Virus Weightlifting Series 2, Powered by Rogue Fitness"
31,Alissa Gensamer,76,"TEXAS BARBELL CLUB MIL, TXOK, Open",Male,76kg,141,,,"2025 Virus Weightlifting Series 2, Powered by Rogue Fitness"
23,Marygrace Metz,23,Unaffiliated,Male,258kg,140,,,"2025 Virus Weightlifting Series 2, Powered by Rogue Fitness"
28,Haley Kopach,28,"Stellar Strength Barbell TXOK, Open",Male,498kg,140,,,"2025 Virus Weightlifting Series 2, Powered by Rogue Fitness"
22,Vanessa Ho,22,Unaffiliated,Male,494kg,135,,,"2025 Virus Weightlifting Series 2, Powered by Rogue Fitness"
17,Daniel Marquez,17,"Bexar Barbell Open, TXOK, TXOK",Male,628kg,250,,,"2025 Virus Weightlifting Series 2, Powered by Rogue Fitness"
71,Desmond Myles,16,"MYLES AHEAD WEIGHTLIFTING Open,",Male,71kg,230,,,"2025 Virus Weightlifting Series 2, Powered by Rogue Fitness"
16,Jesse Castillo,16,"Bull Strength Barbell Open, TXOK, TXOK",Male,624kg,220,,,"2025 Virus Weightlifting Series 2, Powered by Rogue Fitness"
28,Hampton Morris,21,Ritual Weightlifting Open,Male,28kg,300,,,"2025 Virus Weightlifting Series 2, Powered by Rogue Fitness"
21,Nathan Gonzaga,21,Unaffiliated,Male,452kg,270,,,"2025 Virus Weightlifting Series 2, Powered by Rogue Fitness"
34,Ross Twanmoh,34,MURDER OF CROWS Open,Male,331kg,246,,,"2025 Virus Weightlifting Series 2, Powered by Rogue Fitness"
26,Enrique Carrillo,26,"Bobcat Barbell Open, TXOK",Male,235kg,220,,,"2025 Virus Weightlifting Series 2, Powered by Rogue Fitness"
23,Victor Martin,52,Bulldog Weightlifting Club Open,Male,52kg,210,,,"2025 Virus Weightlifting Series 2, Powered by Rogue Fitness"
30,Cody Castro,30,Unaffiliated,Male,291kg,200,,,"2025 Virus Weightlifting Series 2, Powered by Rogue Fitness"
63,Alysse Dennis,15,Pure Health Barbell TXOK,Male,63kg,76,,,"2025 Virus Weightlifting Series 2, Powered by Rogue Fitness"
63,Melanie Calderon,17,Bull Strength Barbell TXOK,Male,63kg,80,,,"2025 Virus Weightlifting Series 2, Powered by Rogue Fitness"
39,Liz Morrow,39,"Tacoma Strength Weightlifting W35, Open",Male,401kg,100,,,"2025 Virus Weightlifting Series 2, Powered by Rogue Fitness"
28,Irina Sibiryakova,72,"Plano Weightlifting TXOK W40, TXOK",Female,40kg,109,,,"2025 Virus Weightlifting Series 2, Powered by Rogue Fitness"
40,Ann Tran,40,"DEUCE Weightlifting W40, Open",Male,204kg,110,,,"2025 Virus Weightlifting Series 2, Powered by Rogue Fitness"
47,Olivia Topete,47,"Houston Weightlifting Academy TXOK W45, TXOK, W45, Open",Male,560kg,95,,,"2025 Virus Weightlifting Series 2, Powered by Rogue Fitness"
45,Latisha Hoover,46,Unaffiliated,Male,46kg,80,,,"2025 Virus Weightlifting Series 2, Powered by Rogue Fitness"
63,Tania Flores,83,Austin Barbell TXOK,Male,63kg,85,,,"2025 Virus Weightlifting Series 2, Powered by Rogue Fitness"
63,Alena Morris,22,PIONEER WLC Open,Male,63kg,110,,,"2025 Virus Weightlifting Series 2, Powered by Rogue Fitness"
63,Sasha Mcclain,16,Austin Barbell TXOK,Male,63kg,110,,,"2025 Virus Weightlifting Series 2, Powered by Rogue Fitness"
63,Ashlee Kim,93,"BLACK & RED BARBELL CLUB W35, Open",Female,35kg,111,,,"2025 Virus Weightlifting Series 2, Powered by Rogue Fitness"
42,Nina Chan,42,"Leo's Den W40, Open",Male,480kg,120,,,"2025 Virus Weightlifting Series 2, Powered by Rogue Fitness"
41,Amanda Whiting,41,"Strong Weightlifting TXOK W40, TXOK, W40, Open",Male,172kg,112,,,"2025 Virus Weightlifting Series 2, Powered by Rogue Fitness"
63,Morgan White,45,Unaffiliated,Female,45kg,117,,,"2025 Virus Weightlifting Series 2, Powered by Rogue Fitness"
30,Erica Miranda,30,Bowen Elite Weightlifting Open,Male,104kg,121,,,"2025 Virus Weightlifting Series 2, Powered by Rogue Fitness"
26,Limairi Sanchez,26,Unaffiliated,Male,671kg,120,,,"2025 Virus Weightlifting Series 2, Powered by Rogue Fitness"
27,Sophia Rizzuto,27,MURDER OF CROWS Open,Male,646kg,118,,,"2025 Virus Weightlifting Series 2, Powered by Rogue Fitness"
34,Rachel Winchell,34,Kingman Barbell Club Open,Male,663kg,112,,,"2025 Virus Weightlifting Series 2, Powered by Rogue Fitness"
26,Ashley Avellan,26,TEAM FLORIDA GULFCOAST WL Open,Male,223kg,111,,,"2025 Virus Weightlifting Series 2, Powered by Rogue Fitness"
118,Tate Fegley,15,"LSU - Shreveport Open,",Male,79+kg,180,,,"2025 Virus Weightlifting Series 2, Powered by Rogue Fitness"
88,Marcos Pujol,16,"Iron Brotherhood Open,",Male,88kg,178,,,"2025 Virus Weightlifting Series 2, Powered by Rogue Fitness"
43,Wesley Cross,43,"Iron Grit Barbell M40, Open, TXOK M40, TXOK",Male,481kg,175,,,"2025 Virus Weightlifting Series 2, Powered by Rogue Fitness"
41,Simon Miguel,41,"Bexar Barbell M40, MIL, MILMM, Open, TXOK M40, TXOK",Male,619kg,160,,,"2025 Virus Weightlifting Series 2, Powered by Rogue Fitness"
88,Neil Skorka,45,"Bexar Barbell M45, MIL, MILMM, Open, TXOK M45, TXOK",Male,45kg,175,,,"2025 Virus Weightlifting Series 2, Powered by Rogue Fitness"
88,Eric Evans,54,Unaffiliated,Male,50kg,174,,,"2025 Virus Weightlifting Series 2, Powered by Rogue Fitness"
88,Jaime Cordova,12,"Lupo Barbell Club M55, MIL, MILMM, Open",Male,55kg,146,,,"2025 Virus Weightlifting Series 2, Powered by Rogue Fitness"
88,Finley Degraffenried,62,"VAUGHN WEIGHTLIFTING TXOK M60, TXOK",Male,60kg,130,,,"2025 Virus Weightlifting Series 2, Powered by Rogue Fitness"
88,Samuel Iii,67,"Stomp Weightlifting M65, MIL, MILMM, Open, TXOK M65, TXOK",Male,65kg,140,,,"2025 Virus Weightlifting Series 2, Powered by Rogue Fitness"
88,Kerry Dahl,67,Unaffiliated,Male,65kg,85,,,"2025 Virus Weightlifting Series 2, Powered by Rogue Fitness"
29,Cristian Hernandez,29,Strong Weightlifting TXOK,Male,321kg,180,,,"2025 Virus Weightlifting Series 2, Powered by Rogue Fitness"
29,Mark Pulido,49,TXOK,Male,49kg,170,,,"2025 Virus Weightlifting Series 2, Powered by Rogue Fitness"
79,Dj Williams,16,"Bull Strength Barbell TXOK, TXOK",Male,79kg,180,,,"2025 Virus Weightlifting Series 2, Powered by Rogue Fitness"
16,Max Ferrara,16,"Austin Barbell Open, TXOK, TXOK",Male,424kg,185,,,"2025 Virus Weightlifting Series 2, Powered by Rogue Fitness"
17,Camdynn Burns,17,"Team Florida Pensacola Open,",Male,656kg,180,,,"2025 Virus Weightlifting Series 2, Powered by Rogue Fitness"
35,Michael Hazlett,35,"Iron Wolf Weightlifting M35, Open",Male,409kg,180,,,"2025 Virus Weightlifting Series 2, Powered by Rogue Fitness"
39,Jason Miotke,39,"Waco Barbell M35, MIL, MILMM, Open, TXOK M35, TXOK",Male,418kg,180,,,"2025 Virus Weightlifting Series 2, Powered by Rogue Fitness"
31,Devin Lin,31,Barbender Academy Open,Male,313kg,200,,,"2025 Virus Weightlifting Series 2, Powered by Rogue Fitness"
79,Gabriel Torres,25,"Stonehenge Weightlifting Open, TXOK",Male,79kg,200,,,"2025 Virus Weightlifting Series 2, Powered by Rogue Fitness"
21,Evan Vassilakis,21,Unaffiliated,Male,592kg,200,,,"2025 Virus Weightlifting Series 2, Powered by Rogue Fitness"
24,Linden Pak,24,Marin Heavy Athletics Open,Male,213kg,196,,,"2025 Virus Weightlifting Series 2, Powered by Rogue Fitness"
79,Noah Juarez,25,Waco Barbell TXOK,Male,79kg,180,,,"2025 Virus Weightlifting Series 2, Powered by Rogue Fitness"
18,Eleanor Otis,18,"Waco Barbell JR, TXOK JR, TXOK, Open",Male,247kg,130,,,"2025 Virus Weightlifting Series 2, Powered by Rogue Fitness"
20,Devin Craig-Schwartz,20,"Lupo Barbell Club JR, Open",Male,396kg,124,,,"2025 Virus Weightlifting Series 2, Powered by Rogue Fitness"
63,Rene Bermudez,41,"Cully Strength W40, Open",Female,40kg,125,,,"2025 Virus Weightlifting Series 2, Powered by Rogue Fitness"
48,Crysta Parkin,48,Unaffiliated,Male,459kg,133,,,"2025 Virus Weightlifting Series 2, Powered by Rogue Fitness"
45,Emily Demars,45,Unaffiliated,Male,417kg,123,,,"2025 Virus Weightlifting Series 2, Powered by Rogue Fitness"
23,Katelyn Fecteau,23,Unaffiliated,Male,256kg,130,,,"2025 Virus Weightlifting Series 2, Powered by Rogue Fitness"
32,Anuradha Anantharaman,32,"TEXAS BARBELL CLUB TXOK, Open",Male,436kg,130,,,"2025 Virus Weightlifting Series 2, Powered by Rogue Fitness"
28,Mackinzi Blank,28,Unaffiliated,Male,551kg,128,,,"2025 Virus Weightlifting Series 2, Powered by Rogue Fitness"
33,Jessica Sotto,69,Polaris Weightlifting Open,Male,69kg,126,,,"2025 Virus Weightlifting Series 2, Powered by Rogue Fitness"
23,Michaela Orlando,23,West Chester Weightlifting Open,Male,497kg,123,,,"2025 Virus Weightlifting Series 2, Powered by Rogue Fitness"
88,Archer Swisher,18,"Pure Health Barbell TXOK JR, TXOK",Male,88kg,200,,,"2025 Virus Weightlifting Series 2, Powered by Rogue Fitness"
88,Michele Canzi,35,"Lupo Barbell Club M35, Open",Male,35kg,190,,,"2025 Virus Weightlifting Series 2, Powered by Rogue Fitness"
88,Wai Yu,41,"Mach10 Weightlifting Club M40, MIL, MILMM, Open",Male,40kg,195,,,"2025 Virus Weightlifting Series 2, Powered by Rogue Fitness"
88,Michael Ben-Hain,49,"Bexar Barbell M45, Open",Male,45kg,182,,,"2025 Virus Weightlifting Series 2, Powered by Rogue Fitness"
27,Henry Cao,27,Standard Strength Open,Male,667kg,210,,,"2025 Virus Weightlifting Series 2, Powered by Rogue Fitness"
30,Sean Mcclanahan,30,"BlueWave Weightlifting Open, TXOK",Male,283kg,207,,,"2025 Virus Weightlifting Series 2, Powered by Rogue Fitness"
31,Richard Bohnert,31,Mach 1 Barbell Open,Male,651kg,205,,,"2025 Virus Weightlifting Series 2, Powered by Rogue Fitness"
33,Paris Waranimman,33,MURDER OF CROWS Open,Male,350kg,205,,,"2025 Virus Weightlifting Series 2, Powered by Rogue Fitness"
34,Daniel Bailey,34,Protopig Strength Open,Male,354kg,195,,,"2025 Virus Weightlifting Series 2, Powered by Rogue Fitness"
21,Harrison Olan,21,"Texas A&M Aggie Weightlifting Open, TXOK",Male,388kg,195,,,"2025 Virus Weightlifting Series 2, Powered by Rogue Fitness"
33,Albert Huang,33,"Austin Barbell MIL, Open, TXOK",Male,423kg,195,,,"2025 Virus Weightlifting Series 2, Powered by Rogue Fitness"
88,Edgar Villarreal,30,BlueWave Weightlifting TXOK,Male,88kg,205,,,"2025 Virus Weightlifting Series 2, Powered by Rogue Fitness"
79,Manuel Ferrer,39,"Austin Barbell M35, MIL, MILMM, Open, TXOK M35, TXOK",Male,35kg,210,,,"2025 Virus Weightlifting Series 2, Powered by Rogue Fitness"
40,John Erwin,40,"COASTAL EMPIRE WEIGHTLIFTING M40, Open",Male,604kg,216,,,"2025 Virus Weightlifting Series 2, Powered by Rogue Fitness"
40,Kenton Chung,40,"Leo's Den M40, Open",Male,682kg,215,,,"2025 Virus Weightlifting Series 2, Powered by Rogue Fitness"
21,Jayden Son,21,Unaffiliated,Male,150kg,215,,,"2025 Virus Weightlifting Series 2, Powered by Rogue Fitness"
28,Stanton Troupe,28,Sanctuary Barbell Open,Male,266kg,213,,,"2025 Virus Weightlifting Series 2, Powered by Rogue Fitness"
31,Bryan Ruezga,38,"Kaizen Barbell Open, TXOK",Male,38kg,212,,,"2025 Virus Weightlifting Series 2, Powered by Rogue Fitness"
34,Vincent Yocco,34,"Fifty-One Fifty Weightlifting Club MIL, Open",Male,250kg,210,,,"2025 Virus Weightlifting Series 2, Powered by Rogue Fitness"
34,Corey Harrison,34,"LAS VEGAS BARBELL MIL, Open",Male,478kg,210,,,"2025 Virus Weightlifting Series 2, Powered by Rogue Fitness"
29,Eligio Vargas,29,"Austin Barbell Open, TXOK",Male,516kg,210,,,"2025 Virus Weightlifting Series 2, Powered by Rogue Fitness"
27,Benjamin Busarow,18,HIGH DESERT ATHLETIC CLUB Open,Male,18kg,210,,,"2025 Virus Weightlifting Series 2, Powered by Rogue Fitness"
69,Aubrey Mclaughlin,15,Bull Strength Barbell TXOK,Male,69kg,70,,,"2025 Virus Weightlifting Series 2, Powered by Rogue Fitness"
69,Emily Parcells,18,"TEAM FLORIDA GULFCOAST WL JR, Open",Male,69kg,100,,,"2025 Virus Weightlifting Series 2, Powered by Rogue Fitness"
69,Julie Hoover,43,"Cully Strength W40, Open",Female,40kg,81,,,"2025 Virus Weightlifting Series 2, Powered by Rogue Fitness"
46,Zionna Hanson,46,"Annex Weightlifting W45, Open",Male,370kg,105,,,"2025 Virus Weightlifting Series 2, Powered by Rogue Fitness"
69,Rebecca Lim,45,"Wolfe Strength TXOK W45, TXOK, W45, Open",Female,45kg,100,,,"2025 Virus Weightlifting Series 2, Powered by Rogue Fitness"
46,Samantha Mayfield,46,"Tsunami Weightlifting System TXOK W45, TXOK, W45, Open",Male,140kg,80,,,"2025 Virus Weightlifting Series 2, Powered by Rogue Fitness"
51,Sarah Glazer,51,"Marin Heavy Athletics W50, Open",Male,685kg,77,,,"2025 Virus Weightlifting Series 2, Powered by Rogue Fitness"
69,Kristin Johnson,59,"Austin Barbell TXOK W55, TXOK, W55, Open",Female,55kg,95,,,"2025 Virus Weightlifting Series 2, Powered by Rogue Fitness"
69,Maureen O'Hagan,60,"Cully Strength W60, Open",Female,60kg,77,,,"2025 Virus Weightlifting Series 2, Powered by Rogue Fitness"
68,Julie Canepa,68,"MILLER WEIGHTLIFTING W65, Open",Male,394kg,70,,,"2025 Virus Weightlifting Series 2, Powered by Rogue Fitness"
66,Bennie Jarvis,9,"95East Barbell Club W65, Open",Male,9kg,68,,,"2025 Virus Weightlifting Series 2, Powered by Rogue Fitness"
69,Mariah Fiorino,27,Stomp Weightlifting TXOK,Male,69kg,102,,,"2025 Virus Weightlifting Series 2, Powered by Rogue Fitness"
88,Colten Clyburn,60,"DRAGON BARBELL Open, TXOK, TXOK",Male,88kg,210,,,"2025 Virus Weightlifting Series 2, Powered by Rogue Fitness"
36,Rob Schilke,17,"Stonehenge Weightlifting M35, Open, TXOK M35, TXOK",Male,17kg,228,,,"2025 Virus Weightlifting Series 2, Powered by Rogue Fitness"
39,Sean Rabourn,39,"Lupo Barbell Club M35, Open",Male,454kg,222,,,"2025 Virus Weightlifting Series 2, Powered by Rogue Fitness"
39,Marcos Valderas,39,Unaffiliated,Male,203kg,217,,,"2025 Virus Weightlifting Series 2, Powered by Rogue Fitness"
29,Joshua Blake,41,Unaffiliated,Male,40kg,225,,,"2025 Virus Weightlifting Series 2, Powered by Rogue Fitness"
43,Timothy Johnson,59,Unaffiliated,Male,59kg,225,,,"2025 Virus Weightlifting Series 2, Powered by Rogue Fitness"
30,Antoine Nguyen,30,Standard Strength Open,Male,517kg,220,,,"2025 Virus Weightlifting Series 2, Powered by Rogue Fitness"
88,Christopher Fusselman,68,"Bobcat Barbell Open, TXOK",Male,88kg,220,,,"2025 Virus Weightlifting Series 2, Powered by Rogue Fitness"
22,Luis Leyva,22,"TEXAS BARBELL CLUB Open, TXOK",Male,432kg,218,,,"2025 Virus Weightlifting Series 2, Powered by Rogue Fitness"
31,Jackson Grady,31,Unaffiliated,Male,179kg,215,,,"2025 Virus Weightlifting Series 2, Powered by Rogue Fitness"
34,Yifu Xiao,34,Unaffiliated,Male,340kg,210,,,"2025 Virus Weightlifting Series 2, Powered by Rogue Fitness"
79,Xaiden Shultz,17,"ECLIPSE BARBELL CLUB Open, TXOK, TXOK",Male,79kg,230,,,"2025 Virus Weightlifting Series 2, Powered by Rogue Fitness"
79,John Henry Jamieson,18,Unaffiliated,Male,79kg,235,,,"2025 Virus Weightlifting Series 2, Powered by Rogue Fitness"
37,Jacob Howard,37,"Wolf Pack Weightlifting M35, Open",Male,661kg,230,,,"2025 Virus Weightlifting Series 2, Powered by Rogue Fitness"
37,Matt Reeves,37,"Lighthouse Lifting M35, Open",Male,359kg,219,,,"2025 Virus Weightlifting Series 2, Powered by Rogue Fitness"
23,Connor Callaway,23,Unaffiliated,Male,412kg,240,,,"2025 Virus Weightlifting Series 2, Powered by Rogue Fitness"
25,Marcos Marroquin,25,LAS VEGAS BARBELL Open,Male,533kg,230,,,"2025 Virus Weightlifting Series 2, Powered by Rogue Fitness"
79,Brook Jacoby,33,Unaffiliated,Male,79kg,230,,,"2025 Virus Weightlifting Series 2, Powered by Rogue Fitness"
23,Jeremiah Gorman,23,"Austin Barbell Open, TXOK",Male,260kg,225,,,"2025 Virus Weightlifting Series 2, Powered by Rogue Fitness"
30,Danny Zheng,30,"BlueWave Weightlifting Open, TXOK",Male,234kg,220,,,"2025 Virus Weightlifting Series 2, Powered by Rogue Fitness"
24,David Amerson,24,Sanctuary Barbell Open,Male,534kg,220,,,"2025 Virus Weightlifting Series 2, Powered by Rogue Fitness"
63,Taylor Ford,56,TEAM FLORIDA GULFCOAST WL,Male,63kg,135,,,"2025 Virus Weightlifting Series 2, Powered by Rogue Fitness"
63,Julia Falamas,36,Unaffiliated,Female,35kg,140,,,"2025 Virus Weightlifting Series 2, Powered by Rogue Fitness"
63,Kristin Curd,41,"Pure Health Barbell TXOK W40, TXOK, W40, Open",Female,40kg,138,,,"2025 Virus Weightlifting Series 2, Powered by Rogue Fitness"
63,Venessa Halverson,48,"Strong Weightlifting TXOK W45, TXOK, W45, Open",Female,45kg,145,,,"2025 Virus Weightlifting Series 2, Powered by Rogue Fitness"
24,Micaleigh Dowling,24,"BlueWave Weightlifting TXOK, Open",Male,107kg,150,,,"2025 Virus Weightlifting Series 2, Powered by Rogue Fitness"
29,Savanna Anderson,15,"BlueWave Weightlifting TXOK, Open",Male,15kg,150,,,"2025 Virus Weightlifting Series 2, Powered by Rogue Fitness"
63,Aspen Mares-Toledo,32,EMINENCE BARBELL CLUB Open,Male,63kg,140,,,"2025 Virus Weightlifting Series 2, Powered by Rogue Fitness"
28,Nicole Reiner,28,Unaffiliated,Male,525kg,140,,,"2025 Virus Weightlifting Series 2, Powered by Rogue Fitness"
34,Aimee Wong,34,"Stonehenge Weightlifting TXOK, Open",Male,351kg,137,,,"2025 Virus Weightlifting Series 2, Powered by Rogue Fitness"
34,Rachel Teran,34,"Iron Grit Barbell TXOK, Open",Male,398kg,135,,,"2025 Virus Weightlifting Series 2, Powered by Rogue Fitness"
36,Matthew Jones,36,"Strong Weightlifting M35, MIL, MILMM, Open, TXOK M35, TXOK",Male,292kg,250,,,"2025 Virus Weightlifting Series 2, Powered by Rogue Fitness"
39,David Young,39,"BlueWave Weightlifting M35, MIL, MILMM, Open, TXOK M35, TXOK",Male,231kg,245,,,"2025 Virus Weightlifting Series 2, Powered by Rogue Fitness"
22,Colby Hess,22,"Bexar Barbell Open, TXOK",Male,328kg,250,,,"2025 Virus Weightlifting Series 2, Powered by Rogue Fitness"
29,Kevin Li,21,Unaffiliated,Male,29kg,245,,,"2025 Virus Weightlifting Series 2, Powered by Rogue Fitness"
21,Michael Headings,21,Steadfast Barbell Open,Male,637kg,242,,,"2025 Virus Weightlifting Series 2, Powered by Rogue Fitness"
26,Vasilis Arampatzis,26,"Bobcat Barbell Open, TXOK",Male,607kg,235,,,"2025 Virus Weightlifting Series 2, Powered by Rogue Fitness"
27,Nathan Morehart,27,"Austin Barbell Open, TXOK",Male,506kg,230,,,"2025 Virus Weightlifting Series 2, Powered by Rogue Fitness"
29,Michael Cardozo,10,"Stellar Strength Barbell Open, TXOK",Male,10kg,230,,,"2025 Virus Weightlifting Series 2, Powered by Rogue Fitness"
79,Henry Ludbrook,18,"Team Strength Works JR, Open",Male,79kg,260,,,"2025 Virus Weightlifting Series 2, Powered by Rogue Fitness"
35,Marvin Santos,35,"Standard Strength M35, Open",Male,643kg,248,,,"2025 Virus Weightlifting Series 2, Powered by Rogue Fitness"
29,Maksym Nienadov,41,"Houston Weightlifting Academy M40, Open, TXOK M40, TXOK",Male,40kg,250,,,"2025 Virus Weightlifting Series 2, Powered by Rogue Fitness"
25,Eric Zunker,25,"Houston Weightlifting Academy Open, TXOK",Male,299kg,300,,,"2025 Virus Weightlifting Series 2, Powered by Rogue Fitness"
27,Ethan Bowen,27,Bowen Elite Weightlifting Open,Male,542kg,260,,,"2025 Virus Weightlifting Series 2, Powered by Rogue Fitness"
29,Jacob Cadieux,29,"TEXAS BARBELL CLUB Open, TXOK",Male,644kg,241,,,"2025 Virus Weightlifting Series 2, Powered by Rogue Fitness"
27,Eric Chen,27,"Archon Weightlifting Open, TXOK",Male,372kg,240,,,"2025 Virus Weightlifting Series 2, Powered by Rogue Fitness"
16,Keilana Brewer,16,POWER AND GRACE PERFORMANCE.,Male,122kg,170,,,"2025 Virus Weightlifting Series 2, Powered by Rogue Fitness"
63,Allie Nichols,17,Austin Barbell TXOK,Male,63kg,166,,,"2025 Virus Weightlifting Series 2, Powered by Rogue Fitness"
17,Payton Mangay-Ayam,97,Florida Elite,Male,97kg,165,,,"2025 Virus Weightlifting Series 2, Powered by Rogue Fitness"
63,Kareema Salah,20,Unaffiliated,Male,63kg,161,,,"2025 Virus Weightlifting Series 2, Powered by Rogue Fitness"
63,Sarah Whatley,35,"TEXAS BARBELL CLUB TXOK W35, TXOK, W35, Open",Female,35kg,151,,,"2025 Virus Weightlifting Series 2, Powered by Rogue Fitness"
25,Madeline Staniszewski,25,Unaffiliated,Male,356kg,200,,,"2025 Virus Weightlifting Series 2, Powered by Rogue Fitness"
31,Madison Johnston,31,Unaffiliated,Male,236kg,185,,,"2025 Virus Weightlifting Series 2, Powered by Rogue Fitness"
32,Maritza Almada,32,Unaffiliated,Male,634kg,170,,,"2025 Virus Weightlifting Series 2, Powered by Rogue Fitness"
28,Daisee Fink,28,Southern California Weightlifting Club Open,Male,635kg,162,,,"2025 Virus Weightlifting Series 2, Powered by Rogue Fitness"
29,Cari Griffin,91,"TEXAS BARBELL CLUB TXOK, Open",Male,91kg,160,,,"2025 Virus Weightlifting Series 2, Powered by Rogue Fitness"
88,Leo Rachmady,18,"Ironside Weightlifting JR, Open",Male,88kg,255,,,"2025 Virus Weightlifting Series 2, Powered by Rogue Fitness"
88,Cameron Williams,37,"OKC BARBELL CLUB M35, Open, TXOK M35, TXOK",Male,35kg,255,,,"2025 Virus Weightlifting Series 2, Powered by Rogue Fitness"
22,Preston Powell,22,Unaffiliated,Male,648kg,320,,,"2025 Virus Weightlifting Series 2, Powered by Rogue Fitness"
29,Taylor Nox,32,"ATHLEO BARBELL CLUB Open, TXOK",Male,29kg,292,,,"2025 Virus Weightlifting Series 2, Powered by Rogue Fitness"
28,Marcus Leydecker,21,"Austin Barbell Open, TXOK",Male,21kg,285,,,"2025 Virus Weightlifting Series 2, Powered by Rogue Fitness"
26,Etienne Daadi,26,Unaffiliated,Male,547kg,260,,,"2025 Virus Weightlifting Series 2, Powered by Rogue Fitness"
28,Miguel Lavarro,26,MURDER OF CROWS Open,Male,26kg,250,,,"2025 Virus Weightlifting Series 2, Powered by Rogue Fitness"
30,Paul Behar,47,TEAM OMNIA Open,Male,47kg,250,,,"2025 Virus Weightlifting Series 2, Powered by Rogue Fitness"
31,Patrick Manturi,50,"Mach 1 Barbell MIL, Open",Male,50kg,250,,,"2025 Virus Weightlifting Series 2, Powered by Rogue Fitness"
69,Maha Salah,16,Unaffiliated,Male,69kg,121,,,"2025 Virus Weightlifting Series 2, Powered by Rogue Fitness"
37,Ayssa Medina,37,"Houston Weightlifting Academy TXOK W35, TXOK, W35, Open",Male,471kg,126,,,"2025 Virus Weightlifting Series 2, Powered by Rogue Fitness"
35,Danielle Gallant,35,"Brave Barbells N Sprinkles WLC W35, Open",Male,129kg,120,,,"2025 Virus Weightlifting Series 2, Powered by Rogue Fitness"
69,Kelly Zentgraf,43,"Stomp Weightlifting TXOK W40, TXOK",Female,40kg,125,,,"2025 Virus Weightlifting Series 2, Powered by Rogue Fitness"
29,Samantha Belgard,40,"Stomp Weightlifting TXOK W40, TXOK, W40, Open",Female,40kg,122,,,"2025 Virus Weightlifting Series 2, Powered by Rogue Fitness"
41,Ginger Spencer,41,"Kingman Barbell Club W40, Open",Male,581kg,110,,,"2025 Virus Weightlifting Series 2, Powered by Rogue Fitness"
69,Jodi Lin,45,"BARBARIAN BARBELL CLUB W45, Open",Female,45kg,118,,,"2025 Virus Weightlifting Series 2, Powered by Rogue Fitness"
27,Allison Bignall,27,Kilo Barbell Club Open,Male,183kg,125,,,"2025 Virus Weightlifting Series 2, Powered by Rogue Fitness"
32,Anji Li,32,Lupo Barbell Club Open,Male,277kg,125,,,"2025 Virus Weightlifting Series 2, Powered by Rogue Fitness"
34,Nicole Rucker,34,"No Te Rajes Barbell TXOK, Open",Male,352kg,123,,,"2025 Virus Weightlifting Series 2, Powered by Rogue Fitness"
34,Naomi Kwak,34,"Spoon Barbell Club TXOK, Open",Male,535kg,115,,,"2025 Virus Weightlifting Series 2, Powered by Rogue Fitness"
301,Breyal Cavazos,14,FORNEY BARBELL CLUB TXOK,Male,69+kg,79,,,"2025 Virus Weightlifting Series 2, Powered by Rogue Fitness"
15,Bailee Crawford,84,Bull Strength Barbell TXOK,Male,84kg,100,,,"2025 Virus Weightlifting Series 2, Powered by Rogue Fitness"
15,Katy Shade,15,Pure Health Barbell TXOK,Male,341kg,90,,,"2025 Virus Weightlifting Series 2, Powered by Rogue Fitness"
30,Lynlee Mcmurry,18,"Bull Strength Barbell TXOK JR, TXOK",Male,30kg,80,,,"2025 Virus Weightlifting Series 2, Powered by Rogue Fitness"
77,Suzanne Rozier,31,"Lupo Barbell Club TXOK W35, TXOK",Female,35kg,87,,,"2025 Virus Weightlifting Series 2, Powered by Rogue Fitness"
77,Danielle Eberhart,43,"TEXAS BARBELL CLUB TXOK W45, TXOK, W45, Open",Female,45kg,90,,,"2025 Virus Weightlifting Series 2, Powered by Rogue Fitness"
77,Christine Boss,62,"Mach 1 Barbell W60, Open",Female,60kg,80,,,"2025 Virus Weightlifting Series 2, Powered by Rogue Fitness"
77,Renee Michelle Burnette,46,"ALLSOUTH Barbell ADAP, W45, Open",Female,45kg,95,,,"2025 Virus Weightlifting Series 2, Powered by Rogue Fitness"
77,Marissa Kissinger,34,Stomp Weightlifting TXOK,Male,77kg,90,,,"2025 Virus Weightlifting Series 2, Powered by Rogue Fitness"
30,Eva Friend,11,Team Divergent TXOK,Male,30kg,38,,,"2025 Virus Weightlifting Series 2, Powered by Rogue Fitness"
10,Abigail Moeder,10,Lion Chaser Barbell,Male,586kg,33,,,"2025 Virus Weightlifting Series 2, Powered by Rogue Fitness"
12,Evelyn Otis,12,Waco Barbell TXOK,Male,665kg,69,,,"2025 Virus Weightlifting Series 2, Powered by Rogue Fitness"
8,Liliana Layman,8,Team Juanatas-Bowens,Male,273kg,44,,,"2025 Virus Weightlifting Series 2, Powered by Rogue Fitness"
40,Deverick Ross,7,"FORNEY BARBELL CLUB TXOK, TXOK",Male,40kg,30,,,"2025 Virus Weightlifting Series 2, Powered by Rogue Fitness"
8,Connor Brown,8,"Houston Weightlifting Academy Open, TXOK, TXOK",Male,580kg,45,,,"2025 Virus Weightlifting Series 2, Powered by Rogue Fitness"
11,Xavi Cavazos,11,"FORNEY BARBELL CLUB Open, TXOK, TXOK",Male,522kg,40,,,"2025 Virus Weightlifting Series 2, Powered by Rogue Fitness"
12,Charles Colbaugh,12,Unaffiliated,Male,426kg,59,,,"2025 Virus Weightlifting Series 2, Powered by Rogue Fitness"
9,Camden Johnson,9,"FORNEY BARBELL CLUB Open, TXOK, TXOK",Male,472kg,50,,,"2025 Virus Weightlifting Series 2, Powered by Rogue Fitness"
2,Archer Praetorius,2,"Pure Health Barbell Open, TXOK, TXOK",Male,52kg,85,,,"2025 Virus Weightlifting Series 2, Powered by Rogue Fitness"
13,Cash Hanson,13,"Annex Weightlifting Open,",Male,216kg,67,,,"2025 Virus Weightlifting Series 2, Powered by Rogue Fitness"
11,Myles White,78,"FORNEY BARBELL CLUB Open, TXOK, TXOK",Male,78kg,69,,,"2025 Virus Weightlifting Series 2, Powered by Rogue Fitness"
12,Drake Dolezal,79,"Waco Barbell Open, TXOK, TXOK",Male,79kg,65,,,"2025 Virus Weightlifting Series 2, Powered by Rogue Fitness"
13,Mason Pryor,13,"Waco Barbell Open, TXOK, TXOK",Male,684kg,150,,,"2025 Virus Weightlifting Series 2, Powered by Rogue Fitness"
487,Jordan Lupkes,12,"TEXAS BARBELL CLUB Open, TXOK, TXOK",Male,65+kg,115,,,"2025 Virus Weightlifting Series 2, Powered by Rogue Fitness"
12,J Williams,12,"Bull Strength Barbell Open, TXOK, TXOK",Male,681kg,85,,,"2025 Virus Weightlifting Series 2, Powered by Rogue Fitness"
15,Olivia Vincent,15,FORNEY BARBELL CLUB TXOK,Male,389kg,125,,,"2025 Virus Weightlifting Series 2, Powered by Rogue Fitness"
15,Sophie Grace Garces,15,Bull Strength Barbell TXOK,Male,490kg,120,,,"2025 Virus Weightlifting Series 2, Powered by Rogue Fitness"
38,Stephanie Sides,38,"Stonehenge Weightlifting TXOK W35, TXOK, W35, Open",Male,680kg,125,,,"2025 Virus Weightlifting Series 2, Powered by Rogue Fitness"
38,Yuet-Ming Chan,38,"HIGH DESERT ATHLETIC CLUB W35, Open",Male,483kg,110,,,"2025 Virus Weightlifting Series 2, Powered by Rogue Fitness"
42,Samantha Duome,42,"LAS VEGAS BARBELL W40, Open",Male,385kg,114,,,"2025 Virus Weightlifting Series 2, Powered by Rogue Fitness"
41,Yvonne Rodriguez,41,Unaffiliated,Male,307kg,113,,,"2025 Virus Weightlifting Series 2, Powered by Rogue Fitness"
77,Krista Dornbush,56,"1Kilo W55, Open",Female,55kg,111,,,"2025 Virus Weightlifting Series 2, Powered by Rogue Fitness"
25,Julia Irey,35,Austin Barbell TXOK,Male,35kg,113,,,"2025 Virus Weightlifting Series 2, Powered by Rogue Fitness"
33,Sasha Mullins,33,VAUGHN WEIGHTLIFTING TXOK,Male,422kg,102,,,"2025 Virus Weightlifting Series 2, Powered by Rogue Fitness"
22,Viviana Pacheco,22,"Iron Grit Barbell TXOK, Open",Male,212kg,125,,,"2025 Virus Weightlifting Series 2, Powered by Rogue Fitness"
77,Leah Garza,26,"Wear The Crown Barbell TXOK, Open",Male,77kg,125,,,"2025 Virus Weightlifting Series 2, Powered by Rogue Fitness"
34,Lauren Medeiros,34,"TEXAS BARBELL CLUB TXOK, Open",Male,689kg,120,,,"2025 Virus Weightlifting Series 2, Powered by Rogue Fitness"
12,Claire White,12,FORNEY BARBELL CLUB TXOK,Male,373kg,70,,,"2025 Virus Weightlifting Series 2, Powered by Rogue Fitness"
30,Brianna Bowens,11,KC WEIGHTLIFTING,Male,30kg,64,,,"2025 Virus Weightlifting Series 2, Powered by Rogue Fitness"
13,Hadley Chandler,13,Lion Chaser Barbell,Male,450kg,87,,,"2025 Virus Weightlifting Series 2, Powered by Rogue Fitness"
13,Alexxandra Ballard,13,Bull Strength Barbell TXOK,Male,249kg,120,,,"2025 Virus Weightlifting Series 2, Powered by Rogue Fitness"
11,Harper Haeberle,11,Lion Chaser Barbell,Male,240kg,61,,,"2025 Virus Weightlifting Series 2, Powered by Rogue Fitness"
94,Chase Ravlin,7,"Austin Barbell TXOK, TXOK",Male,94kg,150,,,"2025 Virus Weightlifting Series 2, Powered by Rogue Fitness"
94,Christopher Campion,17,"Mach 1 Barbell Open,",Male,94kg,170,,,"2025 Virus Weightlifting Series 2, Powered by Rogue Fitness"
36,Christopher Albury,36,"Stonehenge Weightlifting TXOK M35, TXOK",Male,577kg,170,,,"2025 Virus Weightlifting Series 2, Powered by Rogue Fitness"
94,Rafael Barros,35,"Austin Barbell TXOK M35, TXOK",Male,35kg,165,,,"2025 Virus Weightlifting Series 2, Powered by Rogue Fitness"
30,David Pina,46,Unaffiliated,Male,45kg,172,,,"2025 Virus Weightlifting Series 2, Powered by Rogue Fitness"
47,Michael Moy,47,"Cully Strength M45, Open",Male,229kg,170,,,"2025 Virus Weightlifting Series 2, Powered by Rogue Fitness"
50,Michael Priddy,73,Unaffiliated,Male,73kg,155,,,"2025 Virus Weightlifting Series 2, Powered by Rogue Fitness"
79,Albert Dunlap,79,"PARAMOUNT BARBELL CLUB M75, Open",Male,293kg,70,,,"2025 Virus Weightlifting Series 2, Powered by Rogue Fitness"
71,Ray Harkness,54,"Spoon Barbell Club ADAP, M50, TXOK M50",Male,50kg,125,,,"2025 Virus Weightlifting Series 2, Powered by Rogue Fitness"
27,Seth Bixler,39,Austin Barbell TXOK,Male,39kg,188,,,"2025 Virus Weightlifting Series 2, Powered by Rogue Fitness"
25,Sai Abhishek Aravind,25,Bexar Barbell TXOK,Male,491kg,180,,,"2025 Virus Weightlifting Series 2, Powered by Rogue Fitness"
17,Peyton Adee,17,OKC BARBELL CLUB TXOK,Male,305kg,133,,,"2025 Virus Weightlifting Series 2, Powered by Rogue Fitness"
16,Sarah Macmullan,16,TEAM OMNIA,Male,404kg,131,,,"2025 Virus Weightlifting Series 2, Powered by Rogue Fitness"
38,Claire Ungashick,38,"No Te Rajes Barbell W35, Open",Male,199kg,132,,,"2025 Virus Weightlifting Series 2, Powered by Rogue Fitness"
30,Kristin Brimhall,42,Unaffiliated,Female,40kg,126,,,"2025 Virus Weightlifting Series 2, Powered by Rogue Fitness"
31,Elle Kirkpatrick,31,"Bexar Barbell TXOK, Open",Male,589kg,135,,,"2025 Virus Weightlifting Series 2, Powered by Rogue Fitness"
30,Abi Kupferberg,51,Unaffiliated,Male,51kg,131,,,"2025 Virus Weightlifting Series 2, Powered by Rogue Fitness"
21,Lyla Ott,21,Unaffiliated,Male,556kg,130,,,"2025 Virus Weightlifting Series 2, Powered by Rogue Fitness"
28,Sarah Baker,28,Praxis Weightlifting Open,Male,344kg,130,,,"2025 Virus Weightlifting Series 2, Powered by Rogue Fitness"
31,Mary Tilley,31,Brave Barbells N Sprinkles WLC Open,Male,355kg,130,,,"2025 Virus Weightlifting Series 2, Powered by Rogue Fitness"
36,Blake Walker,36,"Kingman Barbell Club W35, Open",Male,633kg,135,,,"2025 Virus Weightlifting Series 2, Powered by Rogue Fitness"
35,Alexa James,35,"Mach 1 Barbell W35, Open",Male,182kg,130,,,"2025 Virus Weightlifting Series 2, Powered by Rogue Fitness"
22,Jordyn Craig-Schwartz,22,Lupo Barbell Club Open,Male,227kg,139,,,"2025 Virus Weightlifting Series 2, Powered by Rogue Fitness"
34,Emily Le,34,Legacy Barbell Open,Male,298kg,137,,,"2025 Virus Weightlifting Series 2, Powered by Rogue Fitness"
30,Natalie Stanghill,30,Unaffiliated,Male,105kg,135,,,"2025 Virus Weightlifting Series 2, Powered by Rogue Fitness"
29,Piper Gasaway,29,MILWAUKEE BARBELL WEIGHTLIFTING CLUB Open,Male,272kg,135,,,"2025 Virus Weightlifting Series 2, Powered by Rogue Fitness"
69,Taryn Frey,28,Cully Strength Open,Male,69kg,130,,,"2025 Virus Weightlifting Series 2, Powered by Rogue Fitness"
21,Juliann Will,21,Unaffiliated,Male,288kg,130,,,"2025 Virus Weightlifting Series 2, Powered by Rogue Fitness"
33,Heather Kash,33,Kingman Barbell Club Open,Male,295kg,130,,,"2025 Virus Weightlifting Series 2, Powered by Rogue Fitness"
28,Devon Dellavalle,28,Unaffiliated,Male,659kg,130,,,"2025 Virus Weightlifting Series 2, Powered by Rogue Fitness"
33,Kelsey Randall,33,Heroic Barbell Open,Male,543kg,128,,,"2025 Virus Weightlifting Series 2, Powered by Rogue Fitness"
34,Brittany Turcott,14,Sanctuary Barbell Open,Male,14kg,126,,,"2025 Virus Weightlifting Series 2, Powered by Rogue Fitness"
94,Jack Wilson,16,"Lion Chaser Barbell Open,",Male,94kg,192,,,"2025 Virus Weightlifting Series 2, Powered by Rogue Fitness"
20,Austin Jia,20,"TEXAS BARBELL CLUB TXOK JR, TXOK",Male,549kg,215,,,"2025 Virus Weightlifting Series 2, Powered by Rogue Fitness"
20,Ryann Ramirez,20,"Bexar Barbell TXOK JR, TXOK",Male,687kg,190,,,"2025 Virus Weightlifting Series 2, Powered by Rogue Fitness"
35,David Lewis,35,"Pure Health Barbell M35, Open, TXOK M35, TXOK",Male,144kg,220,,,"2025 Virus Weightlifting Series 2, Powered by Rogue Fitness"
94,Matthew Michel,37,"Lupo Barbell Club M35, Open",Male,35kg,214,,,"2025 Virus Weightlifting Series 2, Powered by Rogue Fitness"
36,Eric Wolk,36,"Fourteen Forty Collective M35, Open",Male,286kg,205,,,"2025 Virus Weightlifting Series 2, Powered by Rogue Fitness"
44,Cristian Tobar,44,"Austin Barbell M40, Open, TXOK M40, TXOK",Male,181kg,200,,,"2025 Virus Weightlifting Series 2, Powered by Rogue Fitness"
94,Peter Schied,45,"Tsunami Weightlifting System M45, MIL, MILMM, Open, TXOK M45, TXOK",Male,45kg,210,,,"2025 Virus Weightlifting Series 2, Powered by Rogue Fitness"
21,Jacob Dains,21,"TEXAS BARBELL CLUB Open, TXOK",Male,106kg,220,,,"2025 Virus Weightlifting Series 2, Powered by Rogue Fitness"
29,Borna Navab,29,Marin Heavy Athletics Open,Male,134kg,220,,,"2025 Virus Weightlifting Series 2, Powered by Rogue Fitness"
27,Maanas Sathaye,27,"TEXAS BARBELL CLUB Open, TXOK",Male,392kg,220,,,"2025 Virus Weightlifting Series 2, Powered by Rogue Fitness"
25,Ben Ward,25,Lupo Barbell Club Open,Male,143kg,218,,,"2025 Virus Weightlifting Series 2, Powered by Rogue Fitness"
77,Penelope Desjardins,18,"LSU - Shreveport JR, Open",Male,77kg,144,,,"2025 Virus Weightlifting Series 2, Powered by Rogue Fitness"
77,Brittany Disch,35,"Group III Barbell W35, Open",Female,35kg,140,,,"2025 Virus Weightlifting Series 2, Powered by Rogue Fitness"
77,Brigitte Bieyro,41,Unaffiliated,Female,40kg,140,,,"2025 Virus Weightlifting Series 2, Powered by Rogue Fitness"
30,Kali Tyler-House,30,"DAYWON Barbell TXOK, Open",Male,30kg,150,,,"2025 Virus Weightlifting Series 2, Powered by Rogue Fitness"
32,Yifen Jen,32,Standard Strength Open,Male,439kg,150,,,"2025 Virus Weightlifting Series 2, Powered by Rogue Fitness"
34,Hannah Mcmasters,34,Unaffiliated,Male,603kg,146,,,"2025 Virus Weightlifting Series 2, Powered by Rogue Fitness"
27,Rachel Saenz,27,Unaffiliated,Male,441kg,142,,,"2025 Virus Weightlifting Series 2, Powered by Rogue Fitness"
33,Marisa Olmo,33,"Bobcat Barbell TXOK, Open",Male,469kg,140,,,"2025 Virus Weightlifting Series 2, Powered by Rogue Fitness"
29,Sarah Abercrombie,29,Wolf Pack Weightlifting Open,Male,645kg,140,,,"2025 Virus Weightlifting Series 2, Powered by Rogue Fitness"
40,Lara Boyer,99,"Built By Becker Weightlifting Club W40, Open",Male,99kg,150,,,"2025 Virus Weightlifting Series 2, Powered by Rogue Fitness"
69,Karina Nigmatullina,41,Unaffiliated,Female,40kg,150,,,"2025 Virus Weightlifting Series 2, Powered by Rogue Fitness"
44,Kathryn Flores,44,"Archon Weightlifting TXOK W40, TXOK, W40, Open",Male,482kg,145,,,"2025 Virus Weightlifting Series 2, Powered by Rogue Fitness"
26,Sydney Meyer,26,"Strong Weightlifting TXOK, Open",Male,345kg,154,,,"2025 Virus Weightlifting Series 2, Powered by Rogue Fitness"
34,Telma Rodriguez,34,"Houston Weightlifting Academy TXOK, Open",Male,208kg,150,,,"2025 Virus Weightlifting Series 2, Powered by Rogue Fitness"
33,Pilar Bennett,33,MILLER WEIGHTLIFTING Open,Male,115kg,145,,,"2025 Virus Weightlifting Series 2, Powered by Rogue Fitness"
69,Ash Dzick,34,MILWAUKEE BARBELL WEIGHTLIFTING CLUB Open,Male,69kg,142,,,"2025 Virus Weightlifting Series 2, Powered by Rogue Fitness"
27,Sina Sontowski,27,MILLER WEIGHTLIFTING Open,Male,660kg,141,,,"2025 Virus Weightlifting Series 2, Powered by Rogue Fitness"
31,Ashton Whaley,31,"Stonehenge Weightlifting TXOK, Open",Male,438kg,140,,,"2025 Virus Weightlifting Series 2, Powered by Rogue Fitness"
23,Haley Headrick,23,Grow or Die Barbell Open,Male,528kg,140,,,"2025 Virus Weightlifting Series 2, Powered by Rogue Fitness"
29,Deja Beechum,29,"Stonehenge Weightlifting TXOK, Open",Male,677kg,140,,,"2025 Virus Weightlifting Series 2, Powered by Rogue Fitness"
21,Ashley Greenfield,21,Mi5 Barbell Club Open,Male,692kg,140,,,"2025 Virus Weightlifting Series 2, Powered by Rogue Fitness"
94,Brett Miquelon,38,"Pure Health Barbell M35, MIL, MILMM, Open, TXOK M35, TXOK",Male,35kg,230,,,"2025 Virus Weightlifting Series 2, Powered by Rogue Fitness"
94,Michael Gammage,43,"Stonehenge Weightlifting M40, MIL, MILMM, Open, TXOK M40, TXOK",Male,40kg,228,,,"2025 Virus Weightlifting Series 2, Powered by Rogue Fitness"
47,Eric Murphy,47,"LSU - Shreveport M45, Open",Male,195kg,235,,,"2025 Virus Weightlifting Series 2, Powered by Rogue Fitness"
30,Matthew Ma,22,Unaffiliated,Male,30kg,250,,,"2025 Virus Weightlifting Series 2, Powered by Rogue Fitness"
29,Michael Thomas,22,Sanctuary Barbell Open,Male,22kg,245,,,"2025 Virus Weightlifting Series 2, Powered by Rogue Fitness"
22,Michael Parrish,22,Unaffiliated,Male,167kg,236,,,"2025 Virus Weightlifting Series 2, Powered by Rogue Fitness"
27,Matthew Sherrill,27,"Spoon Barbell Club Open, TXOK",Male,382kg,232,,,"2025 Virus Weightlifting Series 2, Powered by Rogue Fitness"
30,Lorenzo Gutierrez,30,Vehement Elite Athletics Open,Male,365kg,230,,,"2025 Virus Weightlifting Series 2, Powered by Rogue Fitness"
31,Daniel Lynne,31,Lupo Barbell Club Open,Male,141kg,225,,,"2025 Virus Weightlifting Series 2, Powered by Rogue Fitness"
77,Hayden Brandon,19,"PIONEER WLC JR, TXOK JR, TXOK, Open",Male,77kg,160,,,"2025 Virus Weightlifting Series 2, Powered by Rogue Fitness"
35,Samantha Josephine Abellar,35,Unaffiliated,Male,502kg,160,,,"2025 Virus Weightlifting Series 2, Powered by Rogue Fitness"
38,Leila Wolfe,38,"Wolfe Strength TXOK W35, TXOK, W35, Open",Male,329kg,160,,,"2025 Virus Weightlifting Series 2, Powered by Rogue Fitness"
30,Meagan Oleary,36,"Stonehenge Weightlifting MIL, MILMW, TXOK W35, TXOK, W35, Open",Female,35kg,150,,,"2025 Virus Weightlifting Series 2, Powered by Rogue Fitness"
41,Angie Cornejo,41,"Wolf Pack Weightlifting W40, Open",Male,148kg,160,,,"2025 Virus Weightlifting Series 2, Powered by Rogue Fitness"
31,Marissa Campbell,31,Southern California Weightlifting Club Open,Male,186kg,159,,,"2025 Virus Weightlifting Series 2, Powered by Rogue Fitness"
77,Madison Mackay,33,Clintonville Barbell Open,Male,77kg,158,,,"2025 Virus Weightlifting Series 2, Powered by Rogue Fitness"
31,Margie Mcclure,31,"Bexar Barbell TXOK, Open",Male,559kg,155,,,"2025 Virus Weightlifting Series 2, Powered by Rogue Fitness"
30,Erin Sly,30,Orlando Strength Open,Male,420kg,152,,,"2025 Virus Weightlifting Series 2, Powered by Rogue Fitness"
69,Katherine Brown,50,"Haworth Weightlifting MIL, MILMW, W50, Open",Female,50kg,155,,,"2025 Virus Weightlifting Series 2, Powered by Rogue Fitness"
32,Rachael Starkey,32,"Stomp Weightlifting TXOK, Open",Male,654kg,161,,,"2025 Virus Weightlifting Series 2, Powered by Rogue Fitness"
27,Giselle Catalasan,27,Unaffiliated,Male,558kg,160,,,"2025 Virus Weightlifting Series 2, Powered by Rogue Fitness"
32,Allison Kelley,32,"Strong Weightlifting TXOK, Open",Male,612kg,160,,,"2025 Virus Weightlifting Series 2, Powered by Rogue Fitness"
34,Chloe Starr,34,MURDER OF CROWS Open,Male,679kg,160,,,"2025 Virus Weightlifting Series 2, Powered by Rogue Fitness"
29,Sandra Bojic,29,PARAMOUNT BARBELL CLUB Open,Male,238kg,158,,,"2025 Virus Weightlifting Series 2, Powered by Rogue Fitness"
31,Lauren Gremizzi,31,BLACK & RED BARBELL CLUB Open,Male,346kg,155,,,"2025 Virus Weightlifting Series 2, Powered by Rogue Fitness"
24,Cate Satoris,24,POWER AND GRACE PERFORMANCE. Open,Male,357kg,155,,,"2025 Virus Weightlifting Series 2, Powered by Rogue Fitness"
30,Jessica Ferrari,30,"Austin Barbell TXOK, Open",Male,626kg,155,,,"2025 Virus Weightlifting Series 2, Powered by Rogue Fitness"
29,Taylor Bjork,29,MILWAUKEE BARBELL WEIGHTLIFTING CLUB Open,Male,174kg,155,,,"2025 Virus Weightlifting Series 2, Powered by Rogue Fitness"
37,Frankie Murray,37,Unaffiliated,Male,380kg,300,,,"2025 Virus Weightlifting Series 2, Powered by Rogue Fitness"
35,Chase Durham,35,"Attitude Nation Barbell Club M35, Open, TXOK M35, TXOK",Male,255kg,290,,,"2025 Virus Weightlifting Series 2, Powered by Rogue Fitness"
94,Adam Kosna,35,"A5 Weightlifting M35, Open",Male,35kg,280,,,"2025 Virus Weightlifting Series 2, Powered by Rogue Fitness"
38,Blaine Terry,38,Unaffiliated,Male,461kg,275,,,"2025 Virus Weightlifting Series 2, Powered by Rogue Fitness"
38,Blake Dugger,38,"Iron Grit Barbell M35, Open, TXOK M35, TXOK",Male,515kg,275,,,"2025 Virus Weightlifting Series 2, Powered by Rogue Fitness"
41,Ryan Hansen,64,"Warwick Weightlifting Club M40, MIL, MILMM, Open",Male,64kg,280,,,"2025 Virus Weightlifting Series 2, Powered by Rogue Fitness"
31,Adam White,31,"BlueWave Weightlifting Open, TXOK",Male,190kg,300,,,"2025 Virus Weightlifting Series 2, Powered by Rogue Fitness"
28,Mason Palmer,28,Unaffiliated,Male,546kg,300,,,"2025 Virus Weightlifting Series 2, Powered by Rogue Fitness"
27,Mason Whitehead,27,Standard Strength Open,Male,442kg,295,,,"2025 Virus Weightlifting Series 2, Powered by Rogue Fitness"
33,Kyle Thomas,94,"Houston Weightlifting Academy Open, TXOK",Male,94kg,280,,,"2025 Virus Weightlifting Series 2, Powered by Rogue Fitness"
32,Richard Redus,32,"TEXAS BARBELL CLUB Open, TXOK",Male,583kg,280,,,"2025 Virus Weightlifting Series 2, Powered by Rogue Fitness"
24,Austin Widmer,24,Texas A&M Aggie Weightlifting Open,Male,455kg,280,,,"2025 Virus Weightlifting Series 2, Powered by Rogue Fitness"
38,Minnie Copp,38,"ALPHA BARBELL W35, Open",Male,268kg,180,,,"2025 Virus Weightlifting Series 2, Powered by Rogue Fitness"
39,Alyssa Kwast,39,"Strong Weightlifting TXOK W35, TXOK, W35, Open",Male,153kg,165,,,"2025 Virus Weightlifting Series 2, Powered by Rogue Fitness"
77,Kimberly Andrew,40,"Eastside Barbell W40, Open",Female,40kg,165,,,"2025 Virus Weightlifting Series 2, Powered by Rogue Fitness"
30,Ava Biesterfeld,23,Team Strength Works Open,Male,30kg,226,,,"2025 Virus Weightlifting Series 2, Powered by Rogue Fitness"
32,Emily Boyich,98,Kratos Strength Lab Open,Male,98kg,205,,,"2025 Virus Weightlifting Series 2, Powered by Rogue Fitness"
77,Brianna Chu,88,Unaffiliated,Male,77kg,185,,,"2025 Virus Weightlifting Series 2, Powered by Rogue Fitness"
33,Karla Leon,33,Annex Weightlifting Open,Male,314kg,170,,,"2025 Virus Weightlifting Series 2, Powered by Rogue Fitness"
33,Meaghan Callahan,33,Queens Barbell Open,Male,591kg,170,,,"2025 Virus Weightlifting Series 2, Powered by Rogue Fitness"
29,Taylor Fetzer,29,Unaffiliated,Male,465kg,163,,,"2025 Virus Weightlifting Series 2, Powered by Rogue Fitness"
17,Allison Rebustillo,17,TEAM OMNIA,Male,131kg,180,,,"2025 Virus Weightlifting Series 2, Powered by Rogue Fitness"
17,Autumn Sands,40,Lion Chaser Barbell,Male,40kg,179,,,"2025 Virus Weightlifting Series 2, Powered by Rogue Fitness"
39,Megan Munsell,39,Unaffiliated,Male,162kg,170,,,"2025 Virus Weightlifting Series 2, Powered by Rogue Fitness"
39,Challen Schleh,39,"Marin Heavy Athletics W35, Open",Male,300kg,170,,,"2025 Virus Weightlifting Series 2, Powered by Rogue Fitness"
69,Laura Meador,43,Unaffiliated,Female,40kg,170,,,"2025 Virus Weightlifting Series 2, Powered by Rogue Fitness"
32,Alexa Snyder,32,1Kilo Open,Male,218kg,195,,,"2025 Virus Weightlifting Series 2, Powered by Rogue Fitness"
27,Celia Montgomery,27,ALPHA BARBELL Open,Male,330kg,185,,,"2025 Virus Weightlifting Series 2, Powered by Rogue Fitness"
34,Kaylee Montero,34,"Bexar Barbell TXOK, Open",Male,538kg,180,,,"2025 Virus Weightlifting Series 2, Powered by Rogue Fitness"
30,Amanda Mcb,30,Bexar Barbell Open,Male,638kg,175,,,"2025 Virus Weightlifting Series 2, Powered by Rogue Fitness"
29,Talley Halvorson,27,Bexar Barbell Open,Male,27kg,175,,,"2025 Virus Weightlifting Series 2, Powered by Rogue Fitness"
30,Jeanna Mullen,30,"Bexar Barbell TXOK, Open",Male,453kg,175,,,"2025 Virus Weightlifting Series 2, Powered by Rogue Fitness"
25,Juliet Aguilar,71,"Bobcat Barbell TXOK, Open",Male,71kg,173,,,"2025 Virus Weightlifting Series 2, Powered by Rogue Fitness"
449,Jake Langer,17,"Iron Brotherhood Open,",Male,94+kg,180,,,"2025 Virus Weightlifting Series 2, Powered by Rogue Fitness"
110,Richard Lucio,38,Unaffiliated,Male,35kg,205,,,"2025 Virus Weightlifting Series 2, Powered by Rogue Fitness"
41,Melquiades Villalobos,19,"Sanctuary Barbell M40, Open",Male,19kg,198,,,"2025 Virus Weightlifting Series 2, Powered by Rogue Fitness"
41,Alexander Lewis-Koskinen,41,"THE SPORTS PALACE M40, Open",Male,309kg,176,,,"2025 Virus Weightlifting Series 2, Powered by Rogue Fitness"
45,Cody Looney,45,"Wolf Pack Weightlifting M45, MIL, MILMM, Open",Male,532kg,185,,,"2025 Virus Weightlifting Series 2, Powered by Rogue Fitness"
110,Jason Long,52,Unaffiliated,Male,50kg,200,,,"2025 Virus Weightlifting Series 2, Powered by Rogue Fitness"
110,David Ehresmann,67,"Spoon Barbell Club M65, Open, TXOK M65, TXOK",Male,65kg,143,,,"2025 Virus Weightlifting Series 2, Powered by Rogue Fitness"
25,Daniel Pina,25,Bobcat Barbell TXOK,Male,274kg,220,,,"2025 Virus Weightlifting Series 2, Powered by Rogue Fitness"
110,Brandon Guerrero,27,TXOK,Male,110kg,190,,,"2025 Virus Weightlifting Series 2, Powered by Rogue Fitness"
33,Giovani Jonenson,33,Anchored and Risen Barbell Club TXOK,Male,575kg,100,,,"2025 Virus Weightlifting Series 2, Powered by Rogue Fitness"
35,Mirna Orellana,35,Unaffiliated,Male,489kg,128,,,"2025 Virus Weightlifting Series 2, Powered by Rogue Fitness"
320,Veronica Partridge,35,"No Te Rajes Barbell TXOK W35, TXOK, W35, Open",Female,35kg,120,,,"2025 Virus Weightlifting Series 2, Powered by Rogue Fitness"
35,Cindy Collazo,35,Unaffiliated,Male,332kg,112,,,"2025 Virus Weightlifting Series 2, Powered by Rogue Fitness"
31,Annmarie Swanson,46,"Bexar Barbell W45, Open",Female,45kg,85,,,"2025 Virus Weightlifting Series 2, Powered by Rogue Fitness"
57,Zara Williams,57,"BlueWave Weightlifting TXOK W55, TXOK, W55, Open",Male,690kg,121,,,"2025 Virus Weightlifting Series 2, Powered by Rogue Fitness"
13,Deborah Strobel,13,"Pure Health Barbell TXOK W65, TXOK, W65, Open",Female,65kg,96,,,"2025 Virus Weightlifting Series 2, Powered by Rogue Fitness"
33,Shelby Williams,33,Strong Weightlifting TXOK,Male,691kg,123,,,"2025 Virus Weightlifting Series 2, Powered by Rogue Fitness"
22,Riley Williams,22,TEXAS BARBELL CLUB TXOK,Male,306kg,100,,,"2025 Virus Weightlifting Series 2, Powered by Rogue Fitness"
24,Angela Glass,24,Austin Barbell TXOK,Male,101kg,90,,,"2025 Virus Weightlifting Series 2, Powered by Rogue Fitness"
110,Richard Watkins,38,Unaffiliated,Male,35kg,230,,,"2025 Virus Weightlifting Series 2, Powered by Rogue Fitness"
110,Daniel Swank,30,"Group III Barbell M40, Open",Male,40kg,235,,,"2025 Virus Weightlifting Series 2, Powered by Rogue Fitness"
31,Blake Atwell,32,Unaffiliated,Male,31kg,244,,,"2025 Virus Weightlifting Series 2, Powered by Rogue Fitness"
21,Samuel Sissman,21,"Houston Weightlifting Academy Open, TXOK",Male,163kg,240,,,"2025 Virus Weightlifting Series 2, Powered by Rogue Fitness"
26,Miguel Kinser,26,"BlueWave Weightlifting Open, TXOK",Male,405kg,235,,,"2025 Virus Weightlifting Series 2, Powered by Rogue Fitness"
32,Robert Crowl,32,"Bexar Barbell MIL, Open, TXOK",Male,457kg,230,,,"2025 Virus Weightlifting Series 2, Powered by Rogue Fitness"
28,Harry Hull,28,"No Te Rajes Barbell Open, TXOK",Male,678kg,230,,,"2025 Virus Weightlifting Series 2, Powered by Rogue Fitness"
161,Kaydence Moss,16,Waco Barbell TXOK,Male,77+kg,125,,,"2025 Virus Weightlifting Series 2, Powered by Rogue Fitness"
86,Amy Haberstich,37,"Moran Academy W35, Open",Female,35kg,110,,,"2025 Virus Weightlifting Series 2, Powered by Rogue Fitness"
44,Meghan Campion,92,"Mach 1 Barbell W40, Open",Male,92kg,124,,,"2025 Virus Weightlifting Series 2, Powered by Rogue Fitness"
40,Naomi Narcisse,40,"Wear The Crown Barbell MIL, MILMW, TXOK W40, TXOK, W40, Open",Male,120kg,120,,,"2025 Virus Weightlifting Series 2, Powered by Rogue Fitness"
40,Kathryn North,40,Unaffiliated,Male,526kg,118,,,"2025 Virus Weightlifting Series 2, Powered by Rogue Fitness"
44,Maria Mcclelland,44,"Mach 1 Barbell MIL, MILMW, W40, Open",Male,109kg,90,,,"2025 Virus Weightlifting Series 2, Powered by Rogue Fitness"
49,Jennifer Fournier,49,"Sanctuary Barbell W45, Open",Male,327kg,105,,,"2025 Virus Weightlifting Series 2, Powered by Rogue Fitness"
86,Bethany Morillo,52,"Seven Pound Lifting W50, Open",Female,50kg,85,,,"2025 Virus Weightlifting Series 2, Powered by Rogue Fitness"
86,Ulla Datta,62,Unaffiliated,Female,60kg,66,,,"2025 Virus Weightlifting Series 2, Powered by Rogue Fitness"
29,Kelsey Cook,29,Plano Weightlifting TXOK,Male,160kg,124,,,"2025 Virus Weightlifting Series 2, Powered by Rogue Fitness"
34,Sarah Smith,8,Pure Health Barbell TXOK,Male,8kg,110,,,"2025 Virus Weightlifting Series 2, Powered by Rogue Fitness"
86,Caitlyn Woolcott-Rose,30,Heroic Barbell Open,Male,86kg,110,,,"2025 Virus Weightlifting Series 2, Powered by Rogue Fitness"
35,Danielle Mize,35,Unaffiliated,Male,400kg,146,,,"2025 Virus Weightlifting Series 2, Powered by Rogue Fitness"
37,Elizabeth Paller,37,"No Te Rajes Barbell TXOK W35, TXOK, W35, Open",Male,493kg,145,,,"2025 Virus Weightlifting Series 2, Powered by Rogue Fitness"
38,Abby Boon,38,"Pure Health Barbell MIL, MILMW, TXOK W35, TXOK, W35, Open",Male,280kg,140,,,"2025 Virus Weightlifting Series 2, Powered by Rogue Fitness"
35,Erika Evans,35,"Austin Barbell MIL, MILMW, TXOK W35, TXOK, W35, Open",Male,430kg,140,,,"2025 Virus Weightlifting Series 2, Powered by Rogue Fitness"
485,Sarah Grant,42,"Annex Weightlifting W40, Open",Female,40kg,130,,,"2025 Virus Weightlifting Series 2, Powered by Rogue Fitness"
399,Nataliya Malyutina,49,"Bars And Roses TXOK W45, TXOK, W45, Open",Female,45kg,135,,,"2025 Virus Weightlifting Series 2, Powered by Rogue Fitness"
456,Kristina Teel,54,"The Strength Shack W50, Open",Female,50kg,134,,,"2025 Virus Weightlifting Series 2, Powered by Rogue Fitness"
22,Michele Grelotti,20,Unaffiliated,Male,20kg,145,,,"2025 Virus Weightlifting Series 2, Powered by Rogue Fitness"
86,Celina Lesa,30,Unaffiliated,Male,86kg,138,,,"2025 Virus Weightlifting Series 2, Powered by Rogue Fitness"
28,Hailey Malicoat,28,"Hunger in the Wild TXOK, Open",Male,154kg,138,,,"2025 Virus Weightlifting Series 2, Powered by Rogue Fitness"
26,Luke Madden,26,Unaffiliated,Male,407kg,260,,,"2025 Virus Weightlifting Series 2, Powered by Rogue Fitness"
27,Alexander Nordstrom,27,POWER AND GRACE PERFORMANCE. Open,Male,484kg,260,,,"2025 Virus Weightlifting Series 2, Powered by Rogue Fitness"
31,Zachary Brown,29,Unaffiliated,Male,31kg,255,,,"2025 Virus Weightlifting Series 2, Powered by Rogue Fitness"
30,Eugene Lee,30,"Spoon Barbell Club Open, TXOK",Male,397kg,255,,,"2025 Virus Weightlifting Series 2, Powered by Rogue Fitness"
32,Devante Jones,32,Grow or Die Barbell Open,Male,165kg,250,,,"2025 Virus Weightlifting Series 2, Powered by Rogue Fitness"
27,Antonio Butler,27,PHILADELPHIA BARBELL Open,Male,613kg,250,,,"2025 Virus Weightlifting Series 2, Powered by Rogue Fitness"
26,Lukas Sherrard,41,"Austin Barbell Open, TXOK",Male,41kg,245,,,"2025 Virus Weightlifting Series 2, Powered by Rogue Fitness"
35,Whitney Shaw,35,"Lupo Barbell Club W35, Open",Male,136kg,155,,,"2025 Virus Weightlifting Series 2, Powered by Rogue Fitness"
86,Amanda Shirley,95,"Atlas Weightlifting Club W35, Open",Female,35kg,150,,,"2025 Virus Weightlifting Series 2, Powered by Rogue Fitness"
38,Jordan Taylor,38,"Strong Weightlifting TXOK W35, TXOK, W35, Open",Male,374kg,128,,,"2025 Virus Weightlifting Series 2, Powered by Rogue Fitness"
31,Ruthanne Brock,27,TEXAS BARBELL CLUB TXOK,Male,31kg,133,,,"2025 Virus Weightlifting Series 2, Powered by Rogue Fitness"
27,Carolyn Matous,27,Unaffiliated,Male,281kg,165,,,"2025 Virus Weightlifting Series 2, Powered by Rogue Fitness"
24,Maria Rodriguez,24,Hungry dog barbell Open,Male,553kg,145,,,"2025 Virus Weightlifting Series 2, Powered by Rogue Fitness"
30,Allison Lynch,30,"Strong Weightlifting TXOK, Open",Male,279kg,140,,,"2025 Virus Weightlifting Series 2, Powered by Rogue Fitness"
34,Daniella Laset,34,Barbell Control Open,Male,639kg,132,,,"2025 Virus Weightlifting Series 2, Powered by Rogue Fitness"
28,Arianna Injeian,28,Unaffiliated,Male,662kg,132,,,"2025 Virus Weightlifting Series 2, Powered by Rogue Fitness"
128,Ck Cone,35,"Stonehenge Weightlifting TXOK W35, TXOK, W35, Open",Female,35kg,150,,,"2025 Virus Weightlifting Series 2, Powered by Rogue Fitness"
40,Erin Becker,77,"Standard Strength W40, Open",Male,77kg,163,,,"2025 Virus Weightlifting Series 2, Powered by Rogue Fitness"
44,Amanda Cann,44,"Lupo Barbell Club W40, Open",Male,220kg,161,,,"2025 Virus Weightlifting Series 2, Powered by Rogue Fitness"
40,Alycia Mosley,67,"FULL CIRCLE PERFORMANCE MIL, MILMW, W40, Open",Male,67kg,150,,,"2025 Virus Weightlifting Series 2, Powered by Rogue Fitness"
41,Sarah Hendrix,41,Unaffiliated,Male,194kg,146,,,"2025 Virus Weightlifting Series 2, Powered by Rogue Fitness"
27,Kara Bullard,11,Iron Legacy Weightlifting Open,Male,11kg,160,,,"2025 Virus Weightlifting Series 2, Powered by Rogue Fitness"
32,Jami Jackson,82,Unaffiliated,Male,82kg,160,,,"2025 Virus Weightlifting Series 2, Powered by Rogue Fitness"
86,Ashantai Ellis,32,"MOB Barbell TXOK, Open",Male,86kg,160,,,"2025 Virus Weightlifting Series 2, Powered by Rogue Fitness"
33,Erin Traylor,85,"Wolfe Strength TXOK, Open",Male,85kg,155,,,"2025 Virus Weightlifting Series 2, Powered by Rogue Fitness"
27,Alyissa Wilson,27,Pacific Weightlifting Open,Male,521kg,155,,,"2025 Virus Weightlifting Series 2, Powered by Rogue Fitness"
37,Adam Hagerman,28,"TEXAS BARBELL CLUB M35, Open, TXOK M35, TXOK",Male,28kg,230,,,"2025 Virus Weightlifting Series 2, Powered by Rogue Fitness"
620,Neal Coker,39,"Stonehenge Weightlifting M35, Open, TXOK M35, TXOK",Male,35kg,215,,,"2025 Virus Weightlifting Series 2, Powered by Rogue Fitness"
37,Eric Carlos,37,"Strong Weightlifting M35, Open, TXOK M35, TXOK",Male,403kg,210,,,"2025 Virus Weightlifting Series 2, Powered by Rogue Fitness"
675,Yong Jo,39,"Stonehenge Weightlifting TXOK M35, TXOK",Male,35kg,190,,,"2025 Virus Weightlifting Series 2, Powered by Rogue Fitness"
565,Enrique Banda,45,"TEXAS BARBELL CLUB M45, Open, TXOK M45, TXOK",Male,45kg,180,,,"2025 Virus Weightlifting Series 2, Powered by Rogue Fitness"
308,Michael Alchus,50,"Built By Becker Weightlifting Club M50, Open",Male,50kg,170,,,"2025 Virus Weightlifting Series 2, Powered by Rogue Fitness"
28,Ares Benitez,28,TXOK,Male,593kg,234,,,"2025 Virus Weightlifting Series 2, Powered by Rogue Fitness"
29,Alexander Bosco,29,BlueWave Weightlifting TXOK,Male,103kg,223,,,"2025 Virus Weightlifting Series 2, Powered by Rogue Fitness"
348,Kaia Jacobs,16,Unaffiliated,Male,77+kg,185,,,"2025 Virus Weightlifting Series 2, Powered by Rogue Fitness"
36,Candace Hughes,36,"Wear The Crown Barbell TXOK W35, TXOK, W35, Open",Male,242kg,210,,,"2025 Virus Weightlifting Series 2, Powered by Rogue Fitness"
86,Kathrine Cross,90,"FORNEY BARBELL CLUB TXOK W35, TXOK, W35, Open",Female,35kg,197,,,"2025 Virus Weightlifting Series 2, Powered by Rogue Fitness"
31,Amanda Cook,43,"CALAVERA BARBELL W40, Open",Female,40kg,175,,,"2025 Virus Weightlifting Series 2, Powered by Rogue Fitness"
33,Deborah Doran,33,"Rising Tide Weightlifting TXOK, Open",Male,470kg,200,,,"2025 Virus Weightlifting Series 2, Powered by Rogue Fitness"
32,Jaime Ding,32,BARBARIAN BARBELL CLUB Open,Male,555kg,185,,,"2025 Virus Weightlifting Series 2, Powered by Rogue Fitness"
26,Emily Roberts,26,Providence Barbell Club Open,Male,415kg,175,,,"2025 Virus Weightlifting Series 2, Powered by Rogue Fitness"
33,Sydney Collins,44,Providence Barbell Club Open,Male,44kg,175,,,"2025 Virus Weightlifting Series 2, Powered by Rogue Fitness"
34,Sara Molz,63,"TEXAS BARBELL CLUB TXOK, Open",Male,63kg,171,,,"2025 Virus Weightlifting Series 2, Powered by Rogue Fitness"
570,Clair Callahan,18,Unaffiliated,Male,86+kg,170,,,"2025 Virus Weightlifting Series 2, Powered by Rogue Fitness"
527,Kimberlee Douglas,44,"Catalyst Masters W40, Open",Female,40kg,205,,,"2025 Virus Weightlifting Series 2, Powered by Rogue Fitness"
31,Sydney Wesberry,32,"BlueWave Weightlifting TXOK, Open",Male,31kg,191,,,"2025 Virus Weightlifting Series 2, Powered by Rogue Fitness"
31,Kristen Dudley,31,Unaffiliated,Male,276kg,176,,,"2025 Virus Weightlifting Series 2, Powered by Rogue Fitness"
25,Jamie Pearce,25,"TEXAS BARBELL CLUB TXOK, Open",Male,197kg,170,,,"2025 Virus Weightlifting Series 2, Powered by Rogue Fitness"
33,Hannah Vo,33,Providence Barbell Club Open,Male,173kg,165,,,"2025 Virus Weightlifting Series 2, Powered by Rogue Fitness"
32,Tasha Roach,32,"Spoon Barbell Club TXOK, Open",Male,221kg,165,,,"2025 Virus Weightlifting Series 2, Powered by Rogue Fitness"
35,Jean Jr.,35,"Barbender Academy M35, Open",Male,386kg,290,,,"2025 Virus Weightlifting Series 2, Powered by Rogue Fitness"
37,Zachary Mayer,37,"Ironside Weightlifting M35, Open",Male,672kg,285,,,"2025 Virus Weightlifting Series 2, Powered by Rogue Fitness"
38,Ernest Reyna,38,"Ferus Barbell M35, Open, TXOK M35, TXOK",Male,360kg,260,,,"2025 Virus Weightlifting Series 2, Powered by Rogue Fitness"
36,Melvin Jensen,36,"Bexar Barbell M35, Open, TXOK M35, TXOK",Male,530kg,251,,,"2025 Virus Weightlifting Series 2, Powered by Rogue Fitness"
34,Devon Kell,34,Ironside Weightlifting Open,Male,137kg,310,,,"2025 Virus Weightlifting Series 2, Powered by Rogue Fitness"
110,Dustin Baranowski,58,Unaffiliated,Male,110kg,290,,,"2025 Virus Weightlifting Series 2, Powered by Rogue Fitness"
26,Jackson Faller,26,Team Strength Works Open,Male,387kg,280,,,"2025 Virus Weightlifting Series 2, Powered by Rogue Fitness"
25,Cooper Johnson,25,Barbender Academy Open,Male,337kg,260,,,"2025 Virus Weightlifting Series 2, Powered by Rogue Fitness"
29,Bekdoolot Rasulbekov,24,Marin Heavy Athletics Open,Male,24kg,360,,,"2025 Virus Weightlifting Series 2, Powered by Rogue Fitness"
28,Jabo Nguyen,28,Unaffiliated,Male,642kg,310,,,"2025 Virus Weightlifting Series 2, Powered by Rogue Fitness"
31,Kenderic Mcmillian,23,Unaffiliated,Male,31kg,300,,,"2025 Virus Weightlifting Series 2, Powered by Rogue Fitness"
27,Joshua Cruz,27,Pacific Weightlifting Open,Male,564kg,300,,,"2025 Virus Weightlifting Series 2, Powered by Rogue Fitness"
33,Dylan Bergschneider,33,Unaffiliated,Male,608kg,290,,,"2025 Virus Weightlifting Series 2, Powered by Rogue Fitness"
22,Xander Parsons,25,"Pure Health Barbell Open, TXOK",Male,25kg,260,,,"2025 Virus Weightlifting Series 2, Powered by Rogue Fitness"
21,Ian Graham,21,Beyond The Barbell Open,Male,347kg,260,,,"2025 Virus Weightlifting Series 2, Powered by Rogue Fitness"
